ArbitrarySNPID,Position_A,classified_A,simpleAnnot_A
1,6350335,polymorphic_2,Syn
2,6350433,shared_poly,NS
3,6350593,shared_poly,Syn
4,6350627,shared_poly,NS
5,6350634,shared_poly,NS
6,6350637,shared_poly,NS
7,6350707,polymorphic_2,Syn
8,6350712,shared_poly,NS
9,6350713,shared_poly,Syn
10,6350755,shared_poly,NS
11,6350758,shared_poly,Syn
12,6350764,shared_poly,Syn
13,6350826,shared_poly,NS
14,6350835,shared_poly,NS
15,6350845,shared_poly,NS
16,6350854,shared_poly,Syn
17,6350859,shared_poly,NS
18,6350860,shared_poly,Syn
19,6350884,shared_poly,Syn
20,6350898,shared_poly,NS
21,6350899,shared_poly,Syn
22,6350975,shared_poly,Syn
23,6350979,shared_poly,NS
24,6350984,shared_poly,Syn
25,6350996,shared_poly,NS
26,6351056,shared_poly,Syn
27,6351202,shared_poly,NS
28,6351209,polymorphic_2,Syn
29,6351227,polymorphic_2,Syn
30,6351231,shared_poly,NS
31,6351445,shared_poly,Syn
32,6351466,polymorphic_2,Syn
33,6351500,polymorphic_2,NS
34,6351514,shared_poly,Syn
35,6351524,shared_poly,NS
36,6351528,shared_poly,NS
37,6351544,shared_poly,Syn
38,6351640,shared_poly,NS
39,6351875,polymorphic_2,Inter
40,6352028,polymorphic_2,Inter
41,6352034,polymorphic_2,Inter
42,6352035,polymorphic_2,Inter
43,6352810,polymorphic_2,Inter
44,6352817,polymorphic_2,Inter
45,6353011,polymorphic_2,Inter
46,6353046,polymorphic_2,Inter
47,6353048,polymorphic_2,Inter
